date,open,high,low,close,volume,ticker
11/2/2016,111.4,112.35,111.23,111.59,28331709,AAPL
11/1/2016,113.46,113.77,110.53,111.49,43825812,AAPL
10/31/2016,113.65,114.23,113.2,113.54,26419398,AAPL
10/28/2016,113.87,115.21,113.45,113.72,37861662,AAPL
10/27/2016,115.39,115.86,114.1,114.48,34562045,AAPL
10/26/2016,114.31,115.7,113.31,115.59,66134219,AAPL
10/25/2016,117.95,118.36,117.31,118.25,48128970,AAPL
10/24/2016,117.1,117.74,117,117.65,23538673,AAPL
10/21/2016,116.81,116.91,116.28,116.6,23192665,AAPL
10/20/2016,116.86,117.38,116.33,117.06,24125801,AAPL
10/19/2016,117.25,117.76,113.8,117.12,20034594,AAPL
10/18/2016,118.18,118.21,117.45,117.47,24553478,AAPL
10/17/2016,117.33,117.84,116.78,117.55,23624896,AAPL
10/14/2016,117.88,118.17,117.13,117.63,35652191,AAPL
10/13/2016,116.79,117.44,115.72,116.98,35192406,AAPL
10/12/2016,117.35,117.98,116.75,117.34,37586787,AAPL
10/11/2016,117.7,118.69,116.2,116.3,64041043,AAPL
10/10/2016,115.02,116.75,114.72,116.05,36235956,AAPL
10/7/2016,114.31,114.56,113.51,114.06,24358443,AAPL
10/6/2016,113.7,114.34,113.13,113.89,28779313,AAPL
10/5/2016,113.4,113.66,112.69,113.05,21453089,AAPL
10/4/2016,113.06,114.31,112.63,113,29736835,AAPL
10/3/2016,112.71,113.05,112.28,112.52,21701760,AAPL
9/30/2016,112.46,113.37,111.8,113.05,36379106,AAPL
9/29/2016,113.16,113.8,111.8,112.18,35886990,AAPL
9/28/2016,113.69,114.64,113.43,113.95,29641085,AAPL
9/27/2016,113,113.18,112.34,113.09,24607412,AAPL
9/26/2016,111.64,113.39,111.55,112.88,29869442,AAPL
9/23/2016,114.42,114.79,111.55,112.71,52481151,AAPL
9/22/2016,114.35,114.94,114,114.62,31073984,AAPL
9/21/2016,113.85,113.99,112.44,113.55,36003185,AAPL
9/20/2016,113.05,114.12,112.51,113.57,34514269,AAPL
9/19/2016,115.19,116.18,113.25,113.58,47023046,AAPL
9/16/2016,115.12,116.13,114.04,114.92,79886911,AAPL
9/15/2016,113.86,115.73,113.49,115.57,90613177,AAPL
9/14/2016,108.73,113.03,108.6,111.77,112340318,AAPL
9/13/2016,107.51,108.79,107.24,107.95,62176190,AAPL
9/12/2016,102.65,105.72,102.53,105.44,45292770,AAPL
9/9/2016,104.64,105.72,103.13,103.13,46556984,AAPL
9/8/2016,107.25,107.27,105.24,105.52,53002026,AAPL
9/7/2016,107.83,108.76,107.07,108.36,42364328,AAPL
9/6/2016,107.9,108.3,107.51,107.7,26880391,AAPL
9/2/2016,107.7,108,106.82,107.73,26334858,AAPL
9/1/2016,106.14,106.8,105.62,106.73,26701523,AAPL
8/31/2016,105.66,106.57,105.64,106.1,29662406,AAPL
8/30/2016,105.8,106.5,105.5,106,24863945,AAPL
8/29/2016,106.62,107.44,106.29,106.82,24970300,AAPL
8/26/2016,107.41,107.95,106.31,106.94,27766291,AAPL
8/25/2016,107.39,107.88,106.68,107.57,25086248,AAPL
8/24/2016,108.56,108.75,107.68,108.03,23675081,AAPL
8/23/2016,108.59,109.32,108.53,108.85,21257669,AAPL
8/22/2016,108.86,109.1,107.85,108.51,25820230,AAPL
8/19/2016,108.77,109.69,108.36,109.36,25368072,AAPL
8/18/2016,109.23,109.6,109.02,109.08,21984703,AAPL
8/17/2016,109.1,109.37,108.34,109.22,25355976,AAPL
8/16/2016,109.63,110.23,109.21,109.38,33794448,AAPL
8/15/2016,108.14,109.54,108.08,109.48,25868209,AAPL
8/12/2016,107.78,108.44,107.78,108.18,18660434,AAPL
8/11/2016,108.52,108.93,107.85,107.93,27484506,AAPL
8/10/2016,108.71,108.9,107.76,108,24008505,AAPL
8/9/2016,108.23,108.94,108.01,108.81,26315204,AAPL
8/8/2016,107.52,108.37,107.16,108.37,28037220,AAPL
8/5/2016,106.27,107.65,106.18,107.48,40553402,AAPL
8/4/2016,105.58,106,105.28,105.87,27408650,AAPL
8/3/2016,104.81,105.84,104.77,105.79,30202641,AAPL
8/2/2016,106.05,106.07,104,104.48,33816556,AAPL
8/1/2016,104.41,106.15,104.41,106.05,38167871,AAPL
7/29/2016,104.19,104.55,103.68,104.21,27733688,AAPL
7/28/2016,102.83,104.45,102.82,104.34,39869839,AAPL
7/27/2016,104.26,104.35,102.75,102.95,92344820,AAPL
7/26/2016,96.82,97.97,96.42,96.67,56239822,AAPL
7/25/2016,98.25,98.84,96.92,97.34,40382921,AAPL
7/22/2016,99.26,99.3,98.31,98.66,28313669,AAPL
7/21/2016,99.83,101,99.13,99.43,32702028,AAPL
7/20/2016,100,100.46,99.74,99.96,26275968,AAPL
7/19/2016,99.56,100,99.34,99.87,23779924,AAPL
7/18/2016,98.7,100.13,98.6,99.83,36493867,AAPL
7/15/2016,98.92,99.3,98.5,98.78,30136990,AAPL
7/14/2016,97.39,98.99,97.32,98.79,38918997,AAPL
7/13/2016,97.41,97.67,96.84,96.87,25892171,AAPL
7/12/2016,97.17,97.7,97.12,97.42,24167463,AAPL
7/11/2016,96.75,97.65,96.73,96.98,23794945,AAPL
7/8/2016,96.49,96.89,96.05,96.68,28912103,AAPL
7/7/2016,95.7,96.5,95.62,95.94,25139558,AAPL
7/6/2016,94.6,95.66,94.37,95.53,30949090,AAPL
7/5/2016,95.39,95.4,94.46,94.99,27705210,AAPL
7/1/2016,95.49,96.46,95.33,95.89,26026540,AAPL
6/30/2016,94.44,95.77,94.3,95.6,35836356,AAPL
6/29/2016,93.97,94.55,93.63,94.4,36531006,AAPL
6/28/2016,92.9,93.66,92.14,93.59,40444914,AAPL
6/27/2016,93,93.05,91.5,92.04,46622188,AAPL
6/24/2016,92.91,94.66,92.65,93.4,75311356,AAPL
6/23/2016,95.94,96.29,95.25,96.1,32240187,AAPL
6/22/2016,96.25,96.89,95.35,95.55,29219122,AAPL
6/21/2016,94.94,96.35,94.68,95.91,35546358,AAPL
6/20/2016,96,96.57,95.03,95.1,34411901,AAPL
6/17/2016,96.62,96.65,95.3,95.33,61008219,AAPL
6/16/2016,96.45,97.75,96.07,97.55,31326815,AAPL
6/15/2016,97.82,98.41,97.03,97.14,29445227,AAPL
6/14/2016,97.32,98.48,96.75,97.46,31931944,AAPL
6/13/2016,98.69,99.12,97.1,97.34,38020494,AAPL
6/10/2016,98.53,99.35,98.48,98.83,31712936,AAPL
6/9/2016,98.5,99.99,98.46,99.65,26601354,AAPL
6/8/2016,99.02,99.56,98.68,98.94,20848131,AAPL
6/7/2016,99.25,99.87,98.96,99.03,22409450,AAPL
6/6/2016,97.99,101.89,97.55,98.63,23292504,AAPL
6/3/2016,97.79,98.27,97.45,97.92,28504888,AAPL
6/2/2016,97.6,97.84,96.63,97.72,40191600,AAPL
6/1/2016,99.02,99.54,98.33,98.46,29173285,AAPL
5/31/2016,99.6,100.4,98.82,99.86,42307212,AAPL
5/27/2016,99.44,100.47,99.24,100.35,36229530,AAPL
5/26/2016,99.68,100.73,98.64,100.41,56093437,AAPL
5/25/2016,98.67,99.74,98.11,99.62,38168760,AAPL
5/24/2016,97.22,98.09,96.84,97.9,35036561,AAPL
5/23/2016,95.87,97.19,95.67,96.43,37860535,AAPL
5/20/2016,94.64,95.43,94.52,95.22,31804564,AAPL
5/19/2016,94.64,94.64,93.57,94.2,29693945,AAPL
5/18/2016,94.16,95.21,93.89,94.56,41923114,AAPL
5/17/2016,94.55,94.7,93.01,93.49,46507449,AAPL
5/16/2016,92.39,94.39,91.65,93.88,61140610,AAPL
5/13/2016,90,91.67,90,90.52,44188153,AAPL
5/12/2016,92.72,92.78,89.47,90.34,76109795,AAPL
5/11/2016,93.48,93.57,92.46,92.51,28539912,AAPL
5/10/2016,93.33,93.57,92.11,93.42,33592465,AAPL
5/9/2016,93,93.77,92.59,92.79,32855251,AAPL
5/6/2016,93.37,93.45,91.85,92.72,43458189,AAPL
5/5/2016,94,94.07,92.68,93.24,35763138,AAPL
5/4/2016,95.2,95.9,93.82,94.19,40824776,AAPL
5/3/2016,94.2,95.74,93.68,95.18,56533960,AAPL
5/2/2016,93.96,94.08,92.4,93.64,47736879,AAPL
4/29/2016,93.99,94.72,92.51,93.74,68334434,AAPL
4/28/2016,97.61,97.88,94.25,94.83,81990674,AAPL
4/27/2016,96,98.71,95.68,97.82,113538389,AAPL
4/26/2016,103.91,105.3,103.91,104.35,40338403,AAPL
4/25/2016,105,105.65,104.51,105.08,27950966,AAPL
4/22/2016,105.01,106.48,104.62,105.68,33477142,AAPL
4/21/2016,106.93,106.93,105.52,105.97,31356434,AAPL
4/20/2016,106.64,108.09,106.06,107.13,28666865,AAPL
4/19/2016,107.88,108,106.23,106.91,32292344,AAPL
4/18/2016,108.89,108.95,106.94,107.48,60834027,AAPL
4/15/2016,112.11,112.3,109.73,109.85,46418482,AAPL
4/14/2016,111.62,112.39,111.33,112.1,25337435,AAPL
4/13/2016,110.8,112.34,110.8,112.04,32691799,AAPL
4/12/2016,109.34,110.5,108.66,110.44,26812000,AAPL
4/11/2016,108.97,110.61,108.83,109.02,28313525,AAPL
4/8/2016,108.91,109.77,108.17,108.66,23514462,AAPL
4/7/2016,109.95,110.42,108.12,108.54,30881022,AAPL
4/6/2016,110.23,110.98,109.2,110.96,26047772,AAPL
4/5/2016,109.51,110.73,109.42,109.81,26495312,AAPL
4/4/2016,110.42,112.19,110.27,111.12,37243224,AAPL
4/1/2016,108.78,110,108.2,109.99,25626163,AAPL
3/31/2016,109.72,109.9,108.88,108.99,25685672,AAPL
3/30/2016,108.65,110.42,108.6,109.56,45159861,AAPL
3/29/2016,104.89,107.79,104.88,107.68,30774115,AAPL
3/28/2016,106,106.19,105.06,105.19,19303557,AAPL
3/24/2016,105.47,106.25,104.89,105.67,25480914,AAPL
3/23/2016,106.48,107.07,105.9,106.13,25452612,AAPL
3/22/2016,105.25,107.29,105.21,106.72,32232567,AAPL
3/21/2016,105.93,107.65,105.14,105.91,35180796,AAPL
3/18/2016,106.34,106.5,105.19,105.92,43402289,AAPL
3/17/2016,105.52,106.47,104.96,105.8,34244593,AAPL
3/16/2016,104.61,106.31,104.59,105.97,37893758,AAPL
3/15/2016,103.96,105.18,103.85,104.58,40067734,AAPL
3/14/2016,101.91,102.91,101.78,102.52,25027426,AAPL
3/11/2016,102.24,102.28,101.5,102.26,27200833,AAPL
3/10/2016,101.41,102.24,100.15,101.17,33513577,AAPL
3/9/2016,101.31,101.58,100.27,101.12,27130729,AAPL
3/8/2016,100.78,101.76,100.4,101.03,31274161,AAPL
3/7/2016,102.39,102.83,100.96,101.87,35828909,AAPL
3/4/2016,102.37,103.75,101.37,103.01,45936485,AAPL
3/3/2016,100.58,101.71,100.45,101.5,36792245,AAPL
3/2/2016,100.51,100.89,99.64,100.75,33084941,AAPL
3/1/2016,97.65,100.77,97.42,100.53,50153943,AAPL
2/29/2016,96.86,98.23,96.65,96.69,34876558,AAPL
2/26/2016,97.2,98.02,96.58,96.91,28913208,AAPL
2/25/2016,96.05,96.76,95.25,96.76,27393905,AAPL
2/24/2016,93.98,96.38,93.32,96.1,36155642,AAPL
2/23/2016,96.4,96.5,94.55,94.69,31686699,AAPL
2/22/2016,96.31,96.9,95.92,96.88,34048195,AAPL
2/19/2016,96,96.76,95.8,96.04,34485576,AAPL
2/18/2016,98.84,98.89,96.09,96.26,38494442,AAPL
2/17/2016,96.67,98.21,96.15,98.12,44390173,AAPL
2/16/2016,95.02,96.85,94.61,96.64,47490678,AAPL
2/12/2016,94.19,94.5,93.01,93.99,40121670,AAPL
2/11/2016,93.79,94.72,92.59,93.7,49686210,AAPL
2/10/2016,95.92,96.35,94.1,94.27,42244975,AAPL
2/9/2016,94.29,95.94,93.93,94.99,44262912,AAPL
2/8/2016,93.13,95.7,93.04,95.01,53852284,AAPL
2/5/2016,96.52,96.92,93.69,94.02,45853883,AAPL
2/4/2016,95.86,97.33,95.19,96.6,46263907,AAPL
2/3/2016,95,96.84,94.08,96.35,45366710,AAPL
2/2/2016,95.42,96.04,94.28,94.48,37081206,AAPL
2/1/2016,96.47,96.71,95.4,96.43,40571593,AAPL
1/29/2016,94.79,97.34,94.35,97.34,64010141,AAPL
1/28/2016,93.79,94.52,92.39,94.09,55557109,AAPL
1/27/2016,96.04,96.63,93.34,93.42,132224500,AAPL
1/26/2016,99.93,100.88,98.07,99.99,63538305,AAPL
1/25/2016,101.52,101.53,99.21,99.44,51196375,AAPL
1/22/2016,98.63,101.46,98.37,101.42,65562769,AAPL
1/21/2016,97.06,97.88,94.94,96.3,52054521,AAPL
1/20/2016,95.1,98.19,93.42,96.79,72008265,AAPL
1/19/2016,98.41,98.65,95.5,96.66,52841349,AAPL
1/15/2016,96.2,97.71,95.36,97.13,79010008,AAPL
1/14/2016,97.96,100.48,95.74,99.52,62424154,AAPL
1/13/2016,100.32,101.19,97.3,97.39,61745031,AAPL
1/12/2016,100.55,100.69,98.84,99.96,49154227,AAPL
1/11/2016,98.97,99.06,97.34,98.53,49739377,AAPL
1/8/2016,98.55,99.11,96.76,96.96,70798016,AAPL
1/7/2016,98.68,100.13,96.43,96.45,81094428,AAPL
1/6/2016,100.56,102.37,99.87,100.7,68457388,AAPL
1/5/2016,105.75,105.85,102.41,102.71,55790992,AAPL
1/4/2016,102.61,105.37,102,105.35,67281190,AAPL
12/31/2015,107.01,107.03,104.82,105.26,40912316,AAPL
12/30/2015,108.58,108.7,107.18,107.32,25213777,AAPL
12/29/2015,106.96,109.43,106.86,108.74,30931243,AAPL
12/28/2015,107.59,107.69,106.18,106.82,26704210,AAPL
12/24/2015,109,109,107.95,108.03,13596680,AAPL
12/23/2015,107.27,108.85,107.2,108.61,32657354,AAPL
12/22/2015,107.4,107.72,106.45,107.23,32789367,AAPL
12/21/2015,107.28,107.37,105.57,107.33,47590610,AAPL
12/18/2015,108.91,109.52,105.81,106.03,96453327,AAPL
12/17/2015,112.02,112.25,108.98,108.98,44772827,AAPL
12/16/2015,111.07,111.99,108.8,111.34,56238467,AAPL
12/15/2015,111.94,112.8,110.35,110.49,53323105,AAPL
12/14/2015,112.18,112.68,109.79,112.48,64318732,AAPL
12/11/2015,115.19,115.39,112.85,113.18,46886161,AAPL
12/10/2015,116.04,116.94,115.51,116.17,29212727,AAPL
12/9/2015,115.3,117.69,115.08,115.62,46361357,AAPL
12/8/2015,117.52,118.6,116.86,118.23,34309450,AAPL
12/7/2015,118.32,119.86,117.81,118.28,32084249,AAPL
12/4/2015,115.29,119.25,115.11,119.03,57776977,AAPL
12/3/2015,115.24,116.79,114.22,115.2,41569509,AAPL
12/2/2015,117.34,118.11,116.08,116.28,33198964,AAPL
12/1/2015,118.75,118.81,116.86,117.34,34700991,AAPL
11/30/2015,117.99,119.41,117.75,118.3,37658671,AAPL
11/27/2015,118.29,118.41,117.6,117.81,13043720,AAPL
11/25/2015,119.21,119.23,117.92,118.03,21388308,AAPL
11/24/2015,117.33,119.35,117.12,118.88,42426855,AAPL
11/23/2015,119.27,119.73,117.34,117.75,32266736,AAPL
11/20/2015,119.2,119.92,118.85,119.3,34103529,AAPL
11/19/2015,117.64,119.75,116.76,118.78,42908179,AAPL
11/18/2015,115.76,117.49,115.5,117.29,46163404,AAPL
11/17/2015,114.92,115.05,113.32,113.69,27253964,AAPL
11/16/2015,111.38,114.24,111,114.18,37651022,AAPL
11/13/2015,115.2,115.57,112.27,112.34,45164053,AAPL
11/12/2015,116.26,116.82,115.65,115.72,32262598,AAPL
11/11/2015,116.37,117.42,115.21,116.11,45104903,AAPL
11/10/2015,116.9,118.07,116.06,116.77,58635125,AAPL
11/9/2015,120.96,121.81,120.05,120.57,33657546,AAPL
11/2/2016,778.2,781.65,763.45,768.7,1918414,GOOG
11/1/2016,782.89,789.49,775.54,783.61,2406356,GOOG
10/31/2016,795.47,796.86,784,784.54,2427284,GOOG
10/28/2016,808.35,815.49,793.59,795.37,4269902,GOOG
10/27/2016,801,803.49,791.5,795.35,2749221,GOOG
10/26/2016,806.34,806.98,796.32,799.07,1647733,GOOG
10/25/2016,816.68,816.68,805.14,807.67,1576404,GOOG
10/24/2016,804.9,815.18,804.82,813.11,1697514,GOOG
10/21/2016,795,799.5,794,799.37,1266181,GOOG
10/20/2016,803.3,803.97,796.03,796.97,1757528,GOOG
10/19/2016,798.86,804.63,797.64,801.56,1766798,GOOG
10/18/2016,787.85,801.61,785.56,795.26,2056903,GOOG
10/17/2016,779.8,785.85,777.5,779.96,1092973,GOOG
10/14/2016,781.65,783.95,776,778.53,852487,GOOG
10/13/2016,781.22,781.22,773,778.19,1365277,GOOG
10/12/2016,783.76,788.13,782.06,786.14,937435,GOOG
10/11/2016,786.66,792.28,780.58,783.07,1372461,GOOG
10/10/2016,777.71,789.38,775.87,785.94,1174923,GOOG
10/7/2016,779.66,779.66,770.75,775.08,933158,GOOG
10/6/2016,779,780.48,775.54,776.86,1070692,GOOG
10/5/2016,779.31,782.07,775.65,776.47,1461151,GOOG
10/4/2016,776.03,778.71,772.89,776.43,1201350,GOOG
10/3/2016,774.25,776.06,769.5,772.56,1278821,GOOG
9/30/2016,776.33,780.94,774.09,777.29,1585333,GOOG
9/29/2016,781.44,785.8,774.23,775.01,1314746,GOOG
9/28/2016,777.85,781.81,774.97,781.56,1109834,GOOG
9/27/2016,775.5,785.99,774.31,783.01,1153247,GOOG
9/26/2016,782.74,782.74,773.07,774.21,1533206,GOOG
9/23/2016,786.59,788.93,784.15,786.9,1411937,GOOG
9/22/2016,780,789.85,778.44,787.21,1486223,GOOG
9/21/2016,772.66,777.16,768.3,776.22,1167810,GOOG
9/20/2016,769,773.33,768.53,771.41,978631,GOOG
9/19/2016,772.42,774,764.44,765.7,1172824,GOOG
9/16/2016,769.75,769.75,764.66,768.88,2049338,GOOG
9/15/2016,762.89,773.8,759.96,771.76,1346751,GOOG
9/14/2016,759.61,767.68,759.11,762.49,1094490,GOOG
9/13/2016,764.48,766.22,755.8,759.69,1395046,GOOG
9/12/2016,755.13,770.29,754,769.02,1310986,GOOG
9/9/2016,770.1,773.24,759.66,759.66,1885496,GOOG
9/8/2016,778.59,780.35,773.58,775.32,1270264,GOOG
9/7/2016,780,782.73,776.2,780.35,894021,GOOG
9/6/2016,773.45,782,771,780.08,1442822,GOOG
9/2/2016,773.01,773.92,768.41,771.46,1072658,GOOG
9/1/2016,769.25,771.02,764.3,768.78,925131,GOOG
8/31/2016,767.01,769.09,765.38,767.05,1248556,GOOG
8/30/2016,769.33,774.47,766.84,769.09,1130029,GOOG
8/29/2016,768.74,774.99,766.62,772.15,847565,GOOG
8/26/2016,769,776.08,765.85,769.54,1166681,GOOG
8/25/2016,767,771.89,763.18,769.41,926883,GOOG
8/24/2016,770.58,774.5,767.07,769.64,1071999,GOOG
8/23/2016,775.48,776.44,771.78,772.08,928232,GOOG
8/22/2016,773.27,774.54,770.05,772.15,951362,GOOG
8/19/2016,775,777.1,773.13,775.42,861546,GOOG
8/18/2016,780.01,782.86,777,777.5,719429,GOOG
8/17/2016,777.32,780.81,773.53,779.91,924226,GOOG
8/16/2016,780.3,780.98,773.44,777.14,1028047,GOOG
8/15/2016,783.75,787.49,780.11,782.44,938186,GOOG
8/12/2016,781.5,783.4,780.4,783.22,740498,GOOG
8/11/2016,785,789.75,782.97,784.85,975113,GOOG
8/10/2016,783.75,786.81,782.78,784.68,786363,GOOG
8/9/2016,781.1,788.94,780.57,784.26,1318894,GOOG
8/8/2016,782,782.63,778.09,781.76,1107857,GOOG
8/5/2016,773.78,783.04,772.34,782.22,1801205,GOOG
8/4/2016,772.22,774.07,768.8,771.61,1140254,GOOG
8/3/2016,767.18,773.21,766.82,773.18,1287421,GOOG
8/2/2016,768.69,775.84,767.85,771.07,1784525,GOOG
8/1/2016,761.09,780.43,761.09,772.88,2700470,GOOG
7/29/2016,772.71,778.55,766.77,768.79,3841482,GOOG
7/28/2016,747.04,748.65,739.3,745.91,3530169,GOOG
7/27/2016,738.28,744.46,737,741.77,1512517,GOOG
7/26/2016,739.04,741.69,734.27,738.42,1186738,GOOG
7/25/2016,740.67,742.61,737.5,739.77,1032432,GOOG
7/22/2016,741.86,743.24,736.56,742.74,1259823,GOOG
7/21/2016,740.36,741.69,735.83,738.63,1026306,GOOG
7/20/2016,737.33,742.13,737.1,741.19,1289671,GOOG
7/19/2016,729.89,736.99,729,736.96,1227486,GOOG
7/18/2016,722.71,736.13,721.19,733.78,1295476,GOOG
7/15/2016,725.73,725.74,719.06,719.85,1279339,GOOG
7/14/2016,721.58,722.21,718.03,720.95,950193,GOOG
7/13/2016,723.62,724,716.85,716.98,935876,GOOG
7/12/2016,719.12,722.94,715.91,720.64,1336921,GOOG
7/11/2016,708.05,716.51,707.24,715.09,1111762,GOOG
7/8/2016,699.5,705.71,696.44,705.63,1575166,GOOG
7/7/2016,698.08,698.2,688.22,695.36,1304200,GOOG
7/6/2016,689.98,701.68,689.09,697.77,1411925,GOOG
7/5/2016,696.06,696.94,688.88,694.49,1462616,GOOG
7/1/2016,692.2,700.65,692.13,699.21,1344710,GOOG
6/30/2016,685.47,692.32,683.65,692.1,1597714,GOOG
6/29/2016,683,687.43,681.41,684.11,1932561,GOOG
6/28/2016,678.97,680.33,673,680.04,2173762,GOOG
6/27/2016,671,672.3,663.28,668.26,2641085,GOOG
6/24/2016,675.17,689.4,673.45,675.22,4449022,GOOG
6/23/2016,697.45,701.95,687,701.87,2171415,GOOG
6/22/2016,699.06,700.86,693.08,697.46,1184318,GOOG
6/21/2016,698.4,702.77,692.01,695.94,1465634,GOOG
6/20/2016,698.77,702.48,693.41,693.71,2082538,GOOG
6/17/2016,708.65,708.82,688.45,691.72,3402357,GOOG
6/16/2016,714.91,716.65,703.26,710.36,1982471,GOOG
6/15/2016,719,722.98,717.31,718.92,1214517,GOOG
6/14/2016,716.48,722.47,713.12,718.27,1306065,GOOG
6/13/2016,716.51,725.44,716.51,718.36,1258930,GOOG
6/10/2016,719.47,725.89,716.43,719.41,1216443,GOOG
6/9/2016,722.87,729.54,722.34,728.58,988914,GOOG
6/8/2016,723.96,728.57,720.58,728.28,1583701,GOOG
6/7/2016,719.84,721.98,716.55,716.65,1336754,GOOG
6/6/2016,724.91,724.91,714.61,716.55,1566059,GOOG
6/3/2016,729.27,729.49,720.56,722.34,1226253,GOOG
6/2/2016,732.5,733.02,724.17,730.4,1341807,GOOG
6/1/2016,734.53,737.21,730.66,734.15,1253593,GOOG
5/31/2016,731.74,739.73,731.26,735.72,2129545,GOOG
5/27/2016,724.01,733.94,724,732.66,1974026,GOOG
5/26/2016,722.87,728.33,720.28,724.12,1542866,GOOG
5/25/2016,720.76,727.51,719.7,725.27,1629198,GOOG
5/24/2016,706.86,720.97,706.86,720.09,1920411,GOOG
5/23/2016,706.53,711.48,704.18,704.24,1320927,GOOG
5/20/2016,701.62,714.58,700.52,709.74,1816027,GOOG
5/19/2016,702.36,706,696.8,700.32,1656321,GOOG
5/18/2016,703.67,711.6,700.63,706.63,1763394,GOOG
5/17/2016,715.99,721.52,704.11,706.23,1999456,GOOG
5/16/2016,709.13,718.48,705.65,716.49,1316177,GOOG
5/13/2016,711.93,716.66,709.26,710.83,1307338,GOOG
5/12/2016,717.06,719.25,709,713.31,1360732,GOOG
5/11/2016,723.41,724.48,712.8,715.29,1686823,GOOG
5/10/2016,716.75,723.5,715.72,723.18,1563105,GOOG
5/9/2016,712,718.71,710,712.9,1508423,GOOG
5/6/2016,698.38,711.86,698.11,711.12,1826146,GOOG
5/5/2016,697.7,702.32,695.72,701.43,1677405,GOOG
5/4/2016,690.49,699.75,689.01,695.7,1688569,GOOG
5/3/2016,696.87,697.84,692,692.36,1530993,GOOG
5/2/2016,697.63,700.64,691,698.21,1644126,GOOG
4/29/2016,690.7,697.62,689,693.01,2484273,GOOG
4/28/2016,708.26,714.17,689.55,691.02,2851108,GOOG
4/27/2016,707.29,708.98,692.37,705.84,3086722,GOOG
4/26/2016,725.42,725.77,703.03,708.14,2727185,GOOG
4/25/2016,716.1,723.93,715.59,723.15,1955567,GOOG
4/22/2016,726.3,736.12,713.61,718.77,5939199,GOOG
4/21/2016,755.38,760.45,749.55,759.14,2743620,GOOG
4/20/2016,758,758.13,750.01,752.67,1525591,GOOG
4/19/2016,769.51,769.9,749.33,753.93,2027642,GOOG
4/18/2016,760.46,768.05,757.3,766.61,1555953,GOOG
4/15/2016,753.98,761,752.69,759,1800413,GOOG
4/14/2016,754.01,757.31,752.7,753.2,1130971,GOOG
4/13/2016,749.16,754.38,744.26,751.72,1707095,GOOG
4/12/2016,738,743.83,731.01,743.09,1349734,GOOG
4/11/2016,743.02,745,736.05,736.1,1211762,GOOG
4/8/2016,743.97,745.45,735.55,739.15,1285755,GOOG
4/7/2016,745.37,747,736.28,740.28,1429504,GOOG
4/6/2016,735.77,746.24,735.56,745.69,1050193,GOOG
4/5/2016,738,742.8,735.37,737.8,1129829,GOOG
4/4/2016,750.06,752.8,742.43,745.29,1131843,GOOG
4/1/2016,738.6,750.34,737,749.91,1574870,GOOG
3/31/2016,749.25,750.85,740.94,744.95,1712375,GOOG
3/30/2016,750.1,757.88,748.74,750.53,1780998,GOOG
3/29/2016,734.59,747.25,728.76,744.77,1902128,GOOG
3/28/2016,736.79,738.99,732.5,733.53,1299812,GOOG
3/24/2016,732.01,737.75,731,735.3,1564782,GOOG
3/23/2016,742.36,745.72,736.15,738.06,1421861,GOOG
3/22/2016,737.46,745,737.46,740.75,1264396,GOOG
3/21/2016,736.5,742.5,733.52,742.09,1831839,GOOG
3/18/2016,741.86,742,731.83,737.6,2796376,GOOG
3/17/2016,736.45,743.07,736,737.78,1856800,GOOG
3/16/2016,726.37,737.47,724.51,736.09,1572329,GOOG
3/15/2016,726.92,732.29,724.77,728.33,1720965,GOOG
3/14/2016,726.81,735.5,725.15,730.49,1716910,GOOG
3/11/2016,720,726.92,717.12,726.82,1963907,GOOG
3/10/2016,708.12,716.44,703.36,712.82,2829412,GOOG
3/9/2016,698.47,705.68,694,705.24,1418704,GOOG
3/8/2016,688.59,703.79,685.34,693.97,2063357,GOOG
3/7/2016,706.9,708.09,686.9,695.16,2985094,GOOG
3/4/2016,714.99,716.49,706.02,710.89,1967873,GOOG
3/3/2016,718.68,719.45,706.02,712.42,1956761,GOOG
3/2/2016,719,720,712,718.85,1627753,GOOG
3/1/2016,703.62,718.81,699.77,718.81,2147442,GOOG
2/29/2016,700.32,710.89,697.68,697.77,2280280,GOOG
2/26/2016,708.58,713.43,700.86,705.07,2239978,GOOG
2/25/2016,700.01,705.98,690.58,705.75,1631855,GOOG
2/24/2016,688.92,700,680.78,699.56,1958611,GOOG
2/23/2016,701.45,708.4,693.58,695.85,1999699,GOOG
2/22/2016,707.45,713.24,702.51,706.46,1946067,GOOG
2/19/2016,695.03,703.08,694.05,700.91,1582260,GOOG
2/18/2016,710,712.35,696.03,697.35,1859130,GOOG
2/17/2016,699,709.75,691.38,708.4,2466808,GOOG
2/16/2016,692.98,698,685.05,691,2497024,GOOG
2/12/2016,690.26,693.75,678.6,682.4,2129831,GOOG
2/11/2016,675,689.35,668.87,683.11,3007223,GOOG
2/10/2016,686.86,701.31,682.13,684.12,2627379,GOOG
2/9/2016,672.32,699.9,668.77,678.11,3604335,GOOG
2/8/2016,667.85,684.03,663.06,682.74,4212541,GOOG
2/5/2016,703.87,703.99,680.15,683.57,5069985,GOOG
2/4/2016,722.81,727,701.86,708.01,5145855,GOOG
2/3/2016,770.22,774.5,720.5,726.95,6162333,GOOG
2/2/2016,784.5,789.87,764.65,764.65,6332431,GOOG
2/1/2016,750.46,757.86,743.27,752,4801816,GOOG
1/29/2016,731.53,744.99,726.8,742.95,3394935,GOOG
1/28/2016,722.22,733.69,712.35,730.96,2658016,GOOG
1/27/2016,713.67,718.24,694.39,699.99,2139970,GOOG
1/26/2016,713.85,718.28,706.48,713.04,1324300,GOOG
1/25/2016,723.58,729.68,710.01,711.67,1704641,GOOG
1/22/2016,723.6,728.13,720.12,725.25,2006528,GOOG
1/21/2016,702.18,719.19,694.46,706.59,2410263,GOOG
1/20/2016,688.61,706.85,673.26,698.45,3439386,GOOG
1/19/2016,703.3,709.98,693.41,701.79,2258479,GOOG
1/15/2016,692.29,706.74,685.37,694.45,3592449,GOOG
1/14/2016,705.38,721.92,689.1,714.72,2211853,GOOG
1/13/2016,730.85,734.74,698.61,700.56,2468295,GOOG
1/12/2016,721.68,728.75,717.32,726.07,2024509,GOOG
1/11/2016,716.61,718.86,703.54,716.03,2090621,GOOG
1/8/2016,731.45,733.23,713,714.47,2450857,GOOG
1/7/2016,730.31,738.5,719.06,726.39,2963741,GOOG
1/6/2016,730,747.18,728.92,743.62,1947034,GOOG
1/5/2016,746.45,752,738.64,742.58,1950691,GOOG
1/4/2016,743,744.06,731.26,741.84,3258199,GOOG
12/31/2015,769.5,769.5,758.34,758.88,1500923,GOOG
12/30/2015,776.6,777.6,766.9,771,1293521,GOOG
12/29/2015,766.69,779.98,766.43,776.6,1765012,GOOG
12/28/2015,752.92,762.99,749.52,762.51,1515716,GOOG
12/24/2015,749.55,751.35,746.62,748.4,527223,GOOG
12/23/2015,753.47,754.21,744,750.31,1566726,GOOG
12/22/2015,751.65,754.85,745.53,750,1365520,GOOG
12/21/2015,746.13,750,740,747.77,1525703,GOOG
12/18/2015,746.51,754.13,738.15,739.31,3148743,GOOG
12/17/2015,762.42,762.68,749,749.43,1553418,GOOG
12/16/2015,750,760.59,739.44,758.09,1993251,GOOG
12/15/2015,753,758.08,743.01,743.4,2666229,GOOG
12/14/2015,741.79,748.73,724.17,747.77,2412497,GOOG
12/11/2015,741.16,745.71,736.75,738.87,2224410,GOOG
12/10/2015,752.85,755.85,743.83,749.46,1988380,GOOG
12/9/2015,759.17,764.23,737,751.61,2699990,GOOG
12/8/2015,757.89,764.8,754.2,762.37,1829475,GOOG
12/7/2015,767.77,768.73,755.09,763.25,1812314,GOOG
12/4/2015,753.1,768.49,750,766.81,2757283,GOOG
12/3/2015,766.01,769,745.63,752.54,2590641,GOOG
12/2/2015,768.9,775.96,758.96,762.38,2195686,GOOG
12/1/2015,747.11,768.95,746.7,767.04,2129940,GOOG
11/30/2015,748.81,754.93,741.27,742.6,2035261,GOOG
11/27/2015,748.46,753.41,747.49,750.26,838518,GOOG
11/25/2015,748.14,752,746.06,748.15,1122224,GOOG
11/24/2015,752,755.28,737.63,748.28,2333130,GOOG
11/23/2015,757.45,762.71,751.82,755.98,1414487,GOOG
11/20/2015,746.53,757.92,743,756.6,2212302,GOOG
11/19/2015,738.74,742,737.43,738.41,1327109,GOOG
11/18/2015,727.58,741.41,727,740,1671588,GOOG
11/17/2015,729.29,731.84,723.03,725.3,1491709,GOOG
11/16/2015,715.6,729.49,711.33,728.96,1891074,GOOG
11/13/2015,729.17,731.15,716.73,717,2062982,GOOG
11/12/2015,731,737.8,728.64,731.23,1668048,GOOG
11/11/2015,732.46,741,730.23,735.4,1366375,GOOG
11/10/2015,724.4,730.59,718.5,728.32,1603937,GOOG
11/9/2015,730.2,734.71,719.43,724.89,2065619,GOOG
11/2/2016,340.86,341.72,337.43,338.61,668001,BLK
11/1/2016,343.36,343.42,338.53,340.96,796002,BLK
10/31/2016,341.49,343.14,339.02,341.24,809108,BLK
10/28/2016,341.75,342.45,337.77,339.69,614011,BLK
10/27/2016,341.63,342.57,337.15,340.28,703485,BLK
10/26/2016,340.18,341,336.84,340.15,1149806,BLK
10/25/2016,342.09,344.43,341.34,341.54,790381,BLK
10/24/2016,349.32,349.4,342.38,343.14,987940,BLK
10/21/2016,345.43,347.63,344.41,345.55,906905,BLK
10/20/2016,352.61,354.71,348.78,349.17,1139050,BLK
10/19/2016,356.74,357.18,352.72,352.72,813723,BLK
10/18/2016,355.5,359.67,355.44,356.59,704718,BLK
10/17/2016,355.42,356.97,352.95,354.6,624239,BLK
10/14/2016,354.8,357.27,350.78,354.91,790278,BLK
10/13/2016,348.52,350.94,344.42,349.34,576439,BLK
10/12/2016,352.47,353.97,350.39,351.1,500433,BLK
10/11/2016,357.26,357.26,350.39,351.87,557318,BLK
10/10/2016,360.01,362,357.98,358.8,461423,BLK
10/7/2016,356.99,358.6,355.5,357.21,789321,BLK
10/6/2016,358.25,359.23,356.04,356.8,707818,BLK
10/5/2016,357.63,359.72,355.67,358.24,705789,BLK
10/4/2016,360.5,361.52,355.26,356.03,711532,BLK
10/3/2016,361.7,364.13,357.73,360.07,623195,BLK
9/30/2016,359.95,363.88,358,362.46,580414,BLK
9/29/2016,360,363.64,354.02,357.23,665567,BLK
9/28/2016,363.78,363.79,359.14,361.68,503352,BLK
9/27/2016,359,362.6,358.29,361.79,496246,BLK
9/26/2016,363,364.56,359.9,360.7,487031,BLK
9/23/2016,372.09,373.26,365.55,365.65,549728,BLK
9/22/2016,373.68,375.95,372.3,373.87,557054,BLK
9/21/2016,367.66,371.24,366.33,370.37,488051,BLK
9/20/2016,371.81,371.81,365.71,365.71,462035,BLK
9/19/2016,368.87,372.41,366.52,367.96,547788,BLK
9/16/2016,362.64,366.58,360.11,365.97,1122310,BLK
9/15/2016,360.7,366.86,359.35,365.5,592479,BLK
9/14/2016,361.78,364.74,359.28,360.7,394517,BLK
9/13/2016,365.57,367.75,358.86,360.91,689239,BLK
9/12/2016,360,369.32,358.42,368.1,868690,BLK
9/9/2016,369.66,370.17,362.13,362.18,648209,BLK
9/8/2016,372.02,373.44,371.18,372.38,380102,BLK
9/7/2016,369.86,373.65,368,373.54,378740,BLK
9/6/2016,373.81,374.49,369.76,371.59,532576,BLK
9/2/2016,374.51,375.69,371.9,373.85,293543,BLK
9/1/2016,374.12,375.83,366.72,372.17,457515,BLK
8/31/2016,372.52,374.04,370.66,372.81,618377,BLK
8/30/2016,374.1,376.65,373.6,376,631429,BLK
8/29/2016,372.14,375.72,371.86,373.8,362900,BLK
8/26/2016,370,373.91,368.52,371.09,362411,BLK
8/25/2016,368,369.36,366.67,368.5,485993,BLK
8/24/2016,371.65,372.76,368.36,369.12,401740,BLK
8/23/2016,374.48,374.48,372.15,372.28,284004,BLK
8/22/2016,371.9,372.49,369.75,371.55,390643,BLK
8/19/2016,369.93,372.98,367.74,372.05,378941,BLK
8/18/2016,369.02,370.9,369.02,370.79,291216,BLK
8/17/2016,367.02,370.42,366.56,370.1,338310,BLK
8/16/2016,369.12,370.95,366.99,367.07,313090,BLK
8/15/2016,368,371.77,367.73,370.74,369004,BLK
8/12/2016,365,367.07,364,366.6,361088,BLK
8/11/2016,366.29,368.81,366.29,367.39,495647,BLK
8/10/2016,369.52,369.52,365.51,366.44,489035,BLK
8/9/2016,372.5,372.5,368.24,368.65,534895,BLK
8/8/2016,374.54,375.95,370.93,371.69,550600,BLK
8/5/2016,370.28,375.26,369.01,374.75,675529,BLK
8/4/2016,367.67,369.16,365.65,366.25,453224,BLK
8/3/2016,367.08,369,366.37,368.16,821821,BLK
8/2/2016,366.1,367.92,364.98,367.08,745569,BLK
8/1/2016,366.66,368.45,365.52,368.32,806594,BLK
7/29/2016,362.87,367.22,362.8,366.25,648510,BLK
7/28/2016,362.64,364.98,360.69,363.37,407274,BLK
7/27/2016,362.19,365.67,361.21,363.31,458425,BLK
7/26/2016,360.75,362.74,358.66,361.93,358315,BLK
7/25/2016,363,363.78,360.08,361.42,419957,BLK
7/22/2016,360.4,363.21,359.27,363.05,504439,BLK
7/21/2016,359.28,360.3,357.66,359.5,593024,BLK
7/20/2016,358.66,360.73,355.58,359.78,433788,BLK
7/19/2016,355.46,357.48,355.4,356.58,353204,BLK
7/18/2016,357.56,359.69,356.8,357.78,448442,BLK
7/15/2016,355.94,357.59,351.13,356.85,654424,BLK
7/14/2016,354.5,362,352.99,355.19,799529,BLK
7/13/2016,357.58,358.89,354.01,357.5,569315,BLK
7/12/2016,350.01,357.84,349.55,357.37,875351,BLK
7/11/2016,348.04,349.44,345.14,347.5,404417,BLK
7/8/2016,341.58,345.39,339.04,345.2,533867,BLK
7/7/2016,335,337.55,331.2,335.11,776563,BLK
7/6/2016,332.5,338.2,329.58,336.11,708120,BLK
7/5/2016,338.66,339.17,332.53,336.08,513757,BLK
7/1/2016,342.03,346.3,339.6,341.28,475705,BLK
6/30/2016,337.96,342.67,334.23,342.53,753556,BLK
6/29/2016,329,336.92,327.25,336.74,852780,BLK
6/28/2016,324.33,326.97,318,323.96,648614,BLK
6/27/2016,326.48,326.63,317.6,319.54,1231024,BLK
6/24/2016,337.13,343.88,331.01,332.51,1480673,BLK
6/23/2016,352.81,356.93,351.91,356.85,421223,BLK
6/22/2016,348.5,351.74,346.74,347.67,442493,BLK
6/21/2016,349.11,350.59,346.51,348,343241,BLK
6/20/2016,349.51,351.97,347.84,348.43,677570,BLK
6/17/2016,340.33,343.27,339.58,341.88,596899,BLK
6/16/2016,336.88,339.9,332.01,339.46,660676,BLK
6/15/2016,342.33,344.08,339.01,339.55,747422,BLK
6/14/2016,343.08,344.59,339.49,339.79,748870,BLK
6/13/2016,346.16,350.57,344.47,344.59,532816,BLK
6/10/2016,351.5,352.37,345.64,346.97,768412,BLK
6/9/2016,356.65,359,355.39,357.96,331383,BLK
6/8/2016,358.56,361.67,358.4,360.35,335915,BLK
6/7/2016,363.26,363.64,358.81,359.06,484853,BLK
6/6/2016,358.88,364.48,358.88,362.06,435867,BLK
6/3/2016,358.49,359.88,351.88,359.37,473860,BLK
6/2/2016,360.88,363.16,356.71,361.11,519437,BLK
6/1/2016,361.56,365.92,358.85,364.59,447489,BLK
5/31/2016,366.3,366.3,361.99,363.85,625653,BLK
5/27/2016,363.34,366.05,363.34,365.09,314393,BLK
5/26/2016,364.1,364.85,361.44,363.1,342711,BLK
5/25/2016,363.44,365.47,363.13,364.09,485640,BLK
5/24/2016,358,361.71,356.4,361.18,611360,BLK
5/23/2016,354,356.53,353.17,353.9,341103,BLK
5/20/2016,353.61,357.33,352.17,354.01,515978,BLK
5/19/2016,350.38,353.22,345.69,350.57,555103,BLK
5/18/2016,347.05,356.71,347.05,353.49,625509,BLK
5/17/2016,350.78,352.86,347.62,348.82,627395,BLK
5/16/2016,347.61,354.15,347.61,351.83,489020,BLK
5/13/2016,354.72,357.85,346.27,347.29,557018,BLK
5/12/2016,356.56,357.71,352.68,355.6,393850,BLK
5/11/2016,358.4,359.78,353.42,353.82,481363,BLK
5/10/2016,358,360.3,355.77,360.18,456638,BLK
5/9/2016,355.95,357.75,353.29,355.01,410698,BLK
5/6/2016,350.56,357.09,350.23,356.01,509453,BLK
5/5/2016,352.42,354.5,351.17,352.08,521642,BLK
5/4/2016,352.59,355.53,350.73,352.17,598866,BLK
5/3/2016,356,356.63,352.08,355.69,484287,BLK
5/2/2016,358.77,362.68,355.12,361.5,739131,BLK
4/29/2016,356.63,358.04,353.15,356.33,584334,BLK
4/28/2016,363.2,365.88,357.68,358.83,509447,BLK
4/27/2016,366,369.33,363.81,367.47,451181,BLK
4/26/2016,363.74,366,362.31,365.96,413370,BLK
4/25/2016,364.01,365,360.47,363.66,482748,BLK
4/22/2016,365.16,369.21,363.83,365.47,511008,BLK
4/21/2016,364.36,367.88,362.24,364.09,607856,BLK
4/20/2016,365.94,368.9,364.45,366.92,610731,BLK
4/19/2016,361.54,366.31,361.2,364.66,834447,BLK
4/18/2016,353,359.45,351.05,358,842210,BLK
4/15/2016,354.42,358.31,353.59,357.74,1108088,BLK
4/14/2016,343,356.2,342,354.91,833677,BLK
4/13/2016,343,348.62,341.42,348.29,959636,BLK
4/12/2016,334.04,339.87,332.33,339.31,559526,BLK
4/11/2016,334.91,337.16,332.78,332.96,434409,BLK
4/8/2016,332.74,335.24,330.8,331.6,360493,BLK
4/7/2016,334.37,335.87,326.93,328.37,529756,BLK
4/6/2016,334.4,338.73,334.09,337.2,463490,BLK
4/5/2016,335.92,336.66,331.45,334.8,523888,BLK
4/4/2016,342,343.29,336.24,338.52,552972,BLK
4/1/2016,337.27,344.56,335.07,342.53,717695,BLK
3/31/2016,340.34,344.2,339.93,340.57,511352,BLK
3/30/2016,343.63,344.91,340.8,341.37,463281,BLK
3/29/2016,336.24,340.43,332,339.91,634935,BLK
3/28/2016,336,338.64,334.21,336.91,444555,BLK
3/24/2016,336.47,337.87,331.73,334.28,662382,BLK
3/23/2016,340.98,341.86,337.3,339.23,464977,BLK
3/22/2016,337.17,342.83,337.17,340.22,488662,BLK
3/21/2016,342.77,345.82,339.04,341.98,684621,BLK
3/18/2016,344.21,346.96,339.62,342.56,763138,BLK
3/17/2016,334.23,344.73,332.67,341.94,863097,BLK
3/16/2016,333.15,335.5,329.59,334.07,669372,BLK
3/15/2016,333.13,334.33,330.39,334.13,627305,BLK
3/14/2016,337.46,338.91,334.21,337.82,631153,BLK
3/11/2016,330,340.18,326.65,339.65,904884,BLK
3/10/2016,329.77,330,320,324.99,688346,BLK
3/9/2016,323.91,328.35,321,328.31,1179106,BLK
3/8/2016,323.3,325,316.74,320.4,672527,BLK
3/7/2016,320.52,327.86,317.83,326.73,682086,BLK
3/4/2016,323.28,325.87,320.7,323.76,671978,BLK
3/3/2016,323.46,324.97,320.43,323.14,838419,BLK
3/2/2016,320.1,327.23,318.4,326.73,1051343,BLK
3/1/2016,315.27,323.03,314.13,322.57,832134,BLK
2/29/2016,312.6,315.63,311.09,311.96,873979,BLK
2/26/2016,316.6,318.57,311.92,313.92,678173,BLK
2/25/2016,309.59,313.75,303.87,313.62,608686,BLK
2/24/2016,304.49,311.87,297.89,307.98,844951,BLK
2/23/2016,315,317.42,306.41,309.86,756040,BLK
2/22/2016,318.84,321.72,312.24,316.45,817811,BLK
2/19/2016,313.07,314.55,307.59,314.29,834450,BLK
2/18/2016,319.52,320.05,314.14,315.97,660851,BLK
2/17/2016,318.84,321.26,316.99,319.88,887632,BLK
2/16/2016,312.03,315.65,309.33,314.47,759058,BLK
2/12/2016,300.18,307.5,297.04,306.8,940022,BLK
2/11/2016,289.47,297.23,289,294.21,1261868,BLK
2/10/2016,299.29,305.73,297.13,298.56,711725,BLK
2/9/2016,287,297.61,286.52,294.53,860784,BLK
2/8/2016,301.36,301.36,289.37,293.46,1162088,BLK
2/5/2016,312.03,315.17,306.35,307.75,1054732,BLK
2/4/2016,302.25,316,302.25,313.7,1035413,BLK
2/3/2016,301.7,306.91,290.07,304.06,1372164,BLK
2/2/2016,305.82,305.82,298.02,301.21,1060221,BLK
2/1/2016,311.91,314.5,306.68,312.25,755017,BLK
1/29/2016,303.37,314.34,301.9,314.26,980349,BLK
1/28/2016,302.61,307.81,298.04,299.17,1023803,BLK
1/27/2016,299,311,297.38,302.12,1147322,BLK
1/26/2016,292.46,300.43,291.26,299.26,1066145,BLK
1/25/2016,300.06,300.94,289.2,289.72,1008225,BLK
1/22/2016,295.84,301.89,294.99,300.56,780613,BLK
1/21/2016,292.79,296.89,289.48,289.9,1095899,BLK
1/20/2016,288.67,294.14,280.55,292,1684825,BLK
1/19/2016,300.4,301.76,290.48,294,1069446,BLK
1/15/2016,298.96,299.95,290.46,296.58,1970178,BLK
1/14/2016,305.26,315.45,299.31,310,1373717,BLK
1/13/2016,315.21,318.43,303.62,304.61,1196664,BLK
1/12/2016,312.42,314.6,307.59,313.59,1096797,BLK
1/11/2016,309.07,310,304.37,308.32,1258384,BLK
1/8/2016,317.56,319.76,307.03,307.78,1500286,BLK
1/7/2016,320.6,325.65,312.61,315.73,1286052,BLK
1/6/2016,327.28,331.9,327,330.16,1138503,BLK
1/5/2016,334.19,336.1,329.12,333.96,803203,BLK
1/4/2016,333.04,333.46,329,333.1,957424,BLK
12/31/2015,339.94,345.75,337.8,340.52,500006,BLK
12/30/2015,342.36,345.19,341.22,342.05,357250,BLK
12/29/2015,344.77,347.15,341.99,343.6,480298,BLK
12/28/2015,336.94,342.82,334.88,342.45,866044,BLK
12/24/2015,340.37,340.87,335.18,337.4,240267,BLK
12/23/2015,333.81,340.17,332.59,339.64,678370,BLK
12/22/2015,326,331.42,322.47,330.51,711685,BLK
12/21/2015,325.63,328.12,322.48,325.55,534462,BLK
12/18/2015,326.98,328.15,321.43,321.47,1025183,BLK
12/17/2015,332.85,336.35,328.58,330.21,1127062,BLK
12/16/2015,331.1,334,322.16,331,1142466,BLK
12/15/2015,324.95,331.43,322.65,329.54,1032479,BLK
12/14/2015,322.68,327.81,314.62,319.6,1265234,BLK
12/11/2015,340.64,341.86,321.22,322.78,1636100,BLK
12/10/2015,344.25,349.04,342.82,345.25,659404,BLK
12/9/2015,348.04,353.49,343.13,344.57,663970,BLK
12/8/2015,353.4,354.94,346.56,348.94,758722,BLK
12/7/2015,359.42,360.39,353.22,355.47,583000,BLK
12/4/2015,353.91,361.66,351.68,360.76,684546,BLK
12/3/2015,359.08,360.62,350.1,352,890944,BLK
12/2/2015,360.7,363.41,356.13,358.92,1081150,BLK
12/1/2015,362.94,364.81,360.24,361.73,738979,BLK
11/30/2015,359.16,364.87,358.34,363.72,784537,BLK
11/27/2015,359.65,360,355.27,358.39,263486,BLK
11/25/2015,358.01,362.26,356.8,360.62,415494,BLK
11/24/2015,360.53,361.46,356.38,356.81,807801,BLK
11/23/2015,362.85,364.56,361.07,363.25,423868,BLK
11/20/2015,361.07,363.57,360.8,362.46,530460,BLK
11/19/2015,360.53,361.03,357.95,359.09,489754,BLK
11/18/2015,354.68,361.06,352.45,360.63,531439,BLK
11/17/2015,352.41,357.92,350.85,353.42,578083,BLK
11/16/2015,343.26,352.96,342.58,352.33,672667,BLK
11/13/2015,345.28,347.32,342.47,343.25,589407,BLK
11/12/2015,346.52,349.77,345.02,345.74,628499,BLK
11/11/2015,352.21,352.82,349.78,350.5,454838,BLK
11/10/2015,347.24,351.1,344.73,350.27,713752,BLK
11/9/2015,355.5,357.74,347.15,349.57,1278622,BLK
11/2/2016,59.82,59.93,59.3,59.43,22147005,MSFT
11/1/2016,59.97,60.02,59.25,59.8,24532986,MSFT
10/31/2016,60.16,60.42,59.92,59.92,26434697,MSFT
10/28/2016,60.01,60.52,59.58,59.87,33574684,MSFT
10/27/2016,60.61,60.83,60.09,60.1,28479856,MSFT
10/26/2016,60.81,61.2,60.47,60.63,29911608,MSFT
10/25/2016,60.85,61.37,60.8,60.99,35137164,MSFT
10/24/2016,59.94,61,59.93,61,54066978,MSFT
10/21/2016,60.28,60.45,59.48,59.66,80032206,MSFT
10/20/2016,57.5,57.52,56.66,57.25,49455612,MSFT
10/19/2016,57.47,57.84,57.4,57.53,22878397,MSFT
10/18/2016,57.53,57.94,57.41,57.66,19149538,MSFT
10/17/2016,57.36,57.46,56.87,57.22,23830014,MSFT
10/14/2016,57.12,57.74,57.12,57.42,27402451,MSFT
10/13/2016,56.7,57.3,56.32,56.92,25313748,MSFT
10/12/2016,57.11,57.27,56.4,57.11,22177464,MSFT
10/11/2016,57.89,58.02,56.89,57.19,26497418,MSFT
10/10/2016,57.91,58.39,57.87,58.04,18196509,MSFT
10/7/2016,57.85,57.98,57.42,57.8,20089020,MSFT
10/6/2016,57.74,57.86,57.28,57.74,16212611,MSFT
10/5/2016,57.29,57.96,57.26,57.64,16726411,MSFT
10/4/2016,57.27,57.6,56.97,57.24,20085874,MSFT
10/3/2016,57.4,57.55,57.06,57.42,19189515,MSFT
9/30/2016,57.57,57.77,57.34,57.6,29910788,MSFT
9/29/2016,57.81,58.17,57.21,57.4,25463536,MSFT
9/28/2016,57.88,58.06,57.67,58.03,20536400,MSFT
9/27/2016,56.93,58.06,56.68,57.95,28065071,MSFT
9/26/2016,57.08,57.14,56.83,56.9,21688720,MSFT
9/23/2016,57.87,57.91,57.38,57.43,19955336,MSFT
9/22/2016,57.92,58,57.63,57.82,19822203,MSFT
9/21/2016,57.51,57.85,57.08,57.76,33707272,MSFT
9/20/2016,57.35,57.35,56.75,56.81,17383982,MSFT
9/19/2016,57.27,57.75,56.85,56.93,20937104,MSFT
9/16/2016,57.63,57.63,56.75,57.25,44606965,MSFT
9/15/2016,56.15,57.35,55.98,57.19,27062614,MSFT
9/14/2016,56.39,56.63,56.03,56.26,24274273,MSFT
9/13/2016,56.5,56.65,56.05,56.53,30130213,MSFT
9/12/2016,56,57.2,55.61,57.05,29302962,MSFT
9/9/2016,56.79,57.52,56.21,56.21,35113934,MSFT
9/8/2016,57.63,57.79,57.18,57.43,20146083,MSFT
9/7/2016,57.47,57.84,57.4,57.66,17493359,MSFT
9/6/2016,57.78,57.8,57.21,57.61,16278416,MSFT
9/2/2016,57.67,58.19,57.42,57.67,18900489,MSFT
9/1/2016,57.01,57.82,57.01,57.59,26075363,MSFT
8/31/2016,57.65,57.8,57.3,57.46,20860269,MSFT
8/30/2016,57.98,58.19,57.61,57.89,16930185,MSFT
8/29/2016,58.18,58.6,58.1,58.1,16417207,MSFT
8/26/2016,58.28,58.7,57.69,58.03,20971202,MSFT
8/25/2016,57.88,58.29,57.78,58.17,18552579,MSFT
8/24/2016,57.8,58.04,57.72,57.95,18151506,MSFT
8/23/2016,57.9,58.18,57.85,57.89,18732373,MSFT
8/22/2016,57.6,57.75,57.26,57.67,15221922,MSFT
8/19/2016,57.43,57.73,57.2,57.62,17271044,MSFT
8/18/2016,57.42,57.7,57.27,57.6,14214341,MSFT
8/17/2016,57.54,57.68,57.23,57.56,18856423,MSFT
8/16/2016,57.61,57.62,57.27,57.44,20523493,MSFT
8/15/2016,58.01,58.5,57.96,58.12,19283902,MSFT
8/12/2016,58.03,58.19,57.62,57.94,21655161,MSFT
8/11/2016,58.03,58.45,58.03,58.3,18162301,MSFT
8/10/2016,58.16,58.32,57.82,58.02,15756913,MSFT
8/9/2016,58.17,58.5,58.02,58.2,16920721,MSFT
8/8/2016,58.06,58.08,57.78,58.06,19473499,MSFT
8/5/2016,57.65,58.21,57.45,57.96,29335221,MSFT
8/4/2016,56.8,57.52,56.67,57.39,26587749,MSFT
8/3/2016,56.68,57.11,56.49,56.97,22075616,MSFT
8/2/2016,56.85,56.9,56.31,56.58,35121958,MSFT
8/1/2016,56.6,56.75,56.14,56.58,26003419,MSFT
7/29/2016,56.26,56.76,56.05,56.68,30558718,MSFT
7/28/2016,56,56.37,55.72,56.21,37550411,MSFT
7/27/2016,56.61,56.8,56.11,56.19,32327477,MSFT
7/26/2016,56.52,57.29,56.51,56.76,28078995,MSFT
7/25/2016,56.47,56.74,56.26,56.73,25610587,MSFT
7/22/2016,56.08,56.63,55.78,56.57,32157167,MSFT
7/21/2016,55.98,56.23,55.76,55.8,32776653,MSFT
7/20/2016,56.15,56.84,55.53,55.91,89893301,MSFT
7/19/2016,53.71,53.9,52.93,53.09,53336533,MSFT
7/18/2016,53.7,54.34,53.55,53.96,31433864,MSFT
7/15/2016,53.95,54,53.21,53.7,32024385,MSFT
7/14/2016,53.84,53.99,53.58,53.74,24545520,MSFT
7/13/2016,53.56,53.86,53.18,53.51,25356841,MSFT
7/12/2016,52.94,53.4,52.78,53.21,27317555,MSFT
7/11/2016,52.5,52.83,52.47,52.59,22269203,MSFT
7/8/2016,51.73,52.36,51.55,52.3,28391026,MSFT
7/7/2016,51.42,51.61,51.07,51.38,19585194,MSFT
7/6/2016,50.78,51.54,50.39,51.38,28167461,MSFT
7/5/2016,50.83,51.28,50.74,51.17,24806351,MSFT
7/1/2016,51.13,51.72,51.07,51.16,21400392,MSFT
6/30/2016,50.72,51.3,50.5,51.17,28527781,MSFT
6/29/2016,49.91,50.72,49.8,50.54,31304021,MSFT
6/28/2016,48.92,49.47,48.67,49.44,38140658,MSFT
6/27/2016,49.1,49.15,48.04,48.43,50576699,MSFT
6/24/2016,49.81,50.94,49.52,49.83,133502985,MSFT
6/23/2016,51.28,52.06,51.15,51.91,29028833,MSFT
6/22/2016,51.08,51.46,50.95,50.99,28816848,MSFT
6/21/2016,50.2,51.43,50.16,51.19,34097825,MSFT
6/20/2016,50.64,50.83,50.03,50.07,35607946,MSFT
6/17/2016,50.41,50.43,49.82,50.13,45710516,MSFT
6/16/2016,49.52,50.47,49.51,50.39,31188605,MSFT
6/15/2016,49.78,50.12,49.69,49.69,33757639,MSFT
6/14/2016,49.9,50.1,49.57,49.83,42577106,MSFT
6/13/2016,49.58,50.72,49.06,50.14,83217844,MSFT
6/10/2016,51.05,52.05,51.04,51.48,25833151,MSFT
6/9/2016,52,52,51.49,51.62,20305664,MSFT
6/8/2016,52.02,52.44,51.87,52.04,21149438,MSFT
6/7/2016,52.24,52.73,52.1,52.1,20866770,MSFT
6/6/2016,51.99,52.35,51.89,52.13,18243271,MSFT
6/3/2016,52.38,52.42,51.6,51.79,23368291,MSFT
6/2/2016,52.64,52.74,51.84,52.48,22840779,MSFT
6/1/2016,52.44,52.95,52.44,52.85,25324828,MSFT
5/31/2016,52.26,53,52.08,53,37653081,MSFT
5/27/2016,51.92,52.32,51.77,52.32,17653660,MSFT
5/26/2016,51.93,51.98,51.36,51.89,24182929,MSFT
5/25/2016,51.92,52.49,51.79,52.12,24040186,MSFT
5/24/2016,50.7,51.71,50.4,51.59,34621638,MSFT
5/23/2016,50.6,50.68,49.98,50.03,25999674,MSFT
5/20/2016,50.48,51.22,50.4,50.62,23692434,MSFT
5/19/2016,50.47,50.62,49.82,50.32,23722753,MSFT
5/18/2016,50.48,51.14,50.3,50.81,24803172,MSFT
5/17/2016,51.72,51.73,50.36,50.51,27766669,MSFT
5/16/2016,50.8,51.96,50.75,51.83,19944632,MSFT
5/13/2016,51.44,51.9,51.04,51.08,22436700,MSFT
5/12/2016,51.2,51.81,50.92,51.51,24099431,MSFT
5/11/2016,51.13,51.78,51,51.05,23910684,MSFT
5/10/2016,50.33,51.1,50.19,51.02,22741527,MSFT
5/9/2016,50.49,50.58,50,50.07,17844648,MSFT
5/6/2016,49.92,50.39,49.66,50.39,24715575,MSFT
5/5/2016,49.87,50.3,49.73,49.94,25309543,MSFT
5/4/2016,49.84,50.06,49.46,49.87,24171449,MSFT
5/3/2016,50.34,50.41,49.6,49.78,26196074,MSFT
5/2/2016,50,50.75,49.78,50.61,33004106,MSFT
4/29/2016,49.35,50.25,49.35,49.87,48339735,MSFT
4/28/2016,50.62,50.77,49.56,49.9,42758226,MSFT
4/27/2016,51.48,51.5,50.55,50.94,43145896,MSFT
4/26/2016,52.26,52.35,51.09,51.44,33262278,MSFT
4/25/2016,51.78,52.13,51.63,52.11,33106540,MSFT
4/22/2016,51.91,52.43,50.77,51.78,125600219,MSFT
4/21/2016,55.8,56.23,55.42,55.78,36826521,MSFT
4/20/2016,56.29,56.5,55.48,55.59,36014074,MSFT
4/19/2016,56.63,56.77,55.68,56.39,29533701,MSFT
4/18/2016,55.49,56.59,55.21,56.46,23150318,MSFT
4/15/2016,55.3,55.92,55.11,55.65,28377584,MSFT
4/14/2016,55.22,55.58,55.07,55.36,20875102,MSFT
4/13/2016,55.12,55.44,54.89,55.35,20601278,MSFT
4/12/2016,54.37,54.78,53.76,54.65,24574169,MSFT
4/11/2016,54.49,55.15,54.3,54.31,21332336,MSFT
4/8/2016,54.67,55.28,54.32,54.42,22157037,MSFT
4/7/2016,54.87,54.91,54.23,54.46,18584125,MSFT
4/6/2016,54.36,55.2,54.21,55.12,21032057,MSFT
4/5/2016,55.19,55.3,54.46,54.56,19148783,MSFT
4/4/2016,55.43,55.66,55,55.43,18832210,MSFT
4/1/2016,55.05,55.61,54.57,55.57,24298612,MSFT
3/31/2016,54.95,55.59,54.86,55.23,26173764,MSFT
3/30/2016,54.93,55.64,54.9,55.05,22920330,MSFT
3/29/2016,53.66,54.86,53.45,54.71,23375017,MSFT
3/28/2016,54.21,54.29,53.33,53.54,16988240,MSFT
3/24/2016,53.84,54.33,53.73,54.21,18842667,MSFT
3/23/2016,54.11,54.24,53.74,53.97,19905295,MSFT
3/22/2016,53.61,54.25,53.46,54.07,22911577,MSFT
3/21/2016,53.25,53.93,52.93,53.86,23807263,MSFT
3/18/2016,54.92,54.97,53.44,53.49,67422879,MSFT
3/17/2016,54.21,55,54,54.66,28186465,MSFT
3/16/2016,53.45,54.6,53.4,54.35,31297892,MSFT
3/15/2016,52.75,53.59,52.74,53.59,21104763,MSFT
3/14/2016,52.71,53.59,52.63,53.17,23751138,MSFT
3/11/2016,53,53.07,52.38,53.07,32174336,MSFT
3/10/2016,52.93,52.94,51.16,52.05,38384242,MSFT
3/9/2016,51.89,52.85,51.86,52.84,28145151,MSFT
3/8/2016,50.8,52.13,50.6,51.65,33352218,MSFT
3/7/2016,51.56,51.8,50.58,51.03,38407847,MSFT
3/4/2016,52.4,52.45,51.71,52.03,32280449,MSFT
3/3/2016,52.97,52.97,51.78,52.35,24418148,MSFT
3/2/2016,52.41,52.96,52.16,52.95,29049172,MSFT
3/1/2016,50.97,52.59,50.92,52.58,32778474,MSFT
2/29/2016,51.35,51.65,50.66,50.88,31247142,MSFT
2/26/2016,52.6,52.68,51.1,51.3,35869193,MSFT
2/25/2016,51.73,52.1,50.61,52.1,26695920,MSFT
2/24/2016,50.69,51.5,50.2,51.36,32076012,MSFT
2/23/2016,52.34,52.37,50.98,51.18,28390773,MSFT
2/22/2016,52.28,53,52.28,52.65,24854437,MSFT
2/19/2016,51.97,52.28,51.53,51.82,33275399,MSFT
2/18/2016,52.33,52.95,52.1,52.19,26244683,MSFT
2/17/2016,51.49,52.77,51.45,52.42,39670289,MSFT
2/16/2016,50.9,51.09,50.13,51.09,35937137,MSFT
2/12/2016,50.25,50.68,49.75,50.5,33292336,MSFT
2/11/2016,48.68,50.11,48.51,49.69,48448154,MSFT
2/10/2016,49.89,50.39,49.52,49.71,37899918,MSFT
2/9/2016,49.02,50.24,48.67,49.28,45822192,MSFT
2/8/2016,49.55,49.57,48.19,49.41,57006105,MSFT
2/5/2016,51.94,52,49.56,50.16,60651115,MSFT
2/4/2016,52.1,52.81,51.37,52,46803371,MSFT
2/3/2016,53.25,53.39,51.26,52.16,57347519,MSFT
2/2/2016,54.17,54.26,52.65,53,54453559,MSFT
2/1/2016,54.88,55.09,54.5,54.71,43587105,MSFT
1/29/2016,54.73,55.09,54,55.09,83137039,MSFT
1/28/2016,51.86,52.21,51.25,52.06,58489190,MSFT
1/27/2016,52.01,52.2,51.02,51.22,36266102,MSFT
1/26/2016,51.79,52.44,51.55,52.17,28699484,MSFT
1/25/2016,51.94,52.65,51.65,51.79,34497323,MSFT
1/22/2016,51.41,52.33,51.26,52.29,36878402,MSFT
1/21/2016,51,51.58,50.3,50.48,40169367,MSFT
1/20/2016,49.98,51.38,49.1,50.79,63162940,MSFT
1/19/2016,51.48,51.68,50.06,50.56,43128276,MSFT
1/15/2016,51.31,51.97,50.34,50.99,70739137,MSFT
1/14/2016,52,53.42,51.57,53.11,51429807,MSFT
1/13/2016,53.8,54.07,51.3,51.64,66119018,MSFT
1/12/2016,52.76,53.1,52.06,52.78,36095539,MSFT
1/11/2016,52.51,52.85,51.46,52.3,36943756,MSFT
1/8/2016,52.37,53.28,52.15,52.33,48753969,MSFT
1/7/2016,52.7,53.48,52.07,52.17,56564852,MSFT
1/6/2016,54.32,54.4,53.64,54.05,39518863,MSFT
1/5/2016,54.93,55.39,54.54,55.05,34079674,MSFT
1/4/2016,54.32,54.8,53.39,54.8,52843210,MSFT
12/31/2015,56.04,56.19,55.42,55.48,27334061,MSFT
12/30/2015,56.47,56.78,56.29,56.31,21704505,MSFT
12/29/2015,56.29,56.85,56.06,56.55,27731403,MSFT
12/28/2015,55.35,55.95,54.98,55.95,22458293,MSFT
12/24/2015,55.86,55.96,55.43,55.67,9570002,MSFT
12/23/2015,55.7,55.88,55.44,55.82,27279832,MSFT
12/22/2015,54.99,55.48,54.5,55.35,28322241,MSFT
12/21/2015,54.88,55.35,54.23,54.83,37246325,MSFT
12/18/2015,54.78,56,54.03,54.13,84684164,MSFT
12/17/2015,56.36,56.79,55.53,55.7,41280907,MSFT
12/16/2015,55.54,56.24,54.76,56.13,37503300,MSFT
12/15/2015,55.66,55.9,55.09,55.2,39842998,MSFT
12/14/2015,54.33,55.21,53.68,55.14,46768924,MSFT
12/11/2015,54.71,55.1,54.01,54.06,39549497,MSFT
12/10/2015,55.39,55.66,55.01,55.27,31775826,MSFT
12/9/2015,54.75,55.87,54.51,54.98,36373209,MSFT
12/8/2015,55.47,56.1,54.99,55.79,32878026,MSFT
12/7/2015,55.79,55.97,55.29,55.81,30709765,MSFT
12/4/2015,54.12,56.23,54.1,55.91,43963662,MSFT
12/3/2015,55.49,55.77,53.93,54.2,38627835,MSFT
12/2/2015,55.32,55.96,55.06,55.21,47244551,MSFT
12/1/2015,54.41,55.23,54.3,55.22,39848647,MSFT
11/30/2015,54.54,54.96,54,54.35,53885371,MSFT
11/27/2015,53.8,54.08,53.79,53.93,9009113,MSFT
11/25/2015,54.09,54.23,53.69,53.69,21005147,MSFT
11/24/2015,53.92,54.44,53.58,54.25,24482130,MSFT
11/23/2015,54.25,54.46,53.75,54.19,27767280,MSFT
11/20/2015,54.25,54.3,53.26,54.19,37100507,MSFT
11/19/2015,53.99,54.66,53.78,53.94,28131212,MSFT
11/18/2015,53,53.98,52.98,53.85,28794418,MSFT
11/17/2015,53.17,53.53,52.85,52.97,31211644,MSFT
11/16/2015,53.08,53.89,52.85,53.76,31610450,MSFT
11/13/2015,53.07,53.29,52.53,52.84,36399856,MSFT
11/12/2015,53.48,53.98,53.19,53.32,34485469,MSFT
11/11/2015,53.7,54.2,53.46,53.65,34004446,MSFT
11/10/2015,54.07,54.13,53.27,53.51,55020334,MSFT
11/9/2015,54.55,54.87,53.56,54.16,32466376,MSFT
11/2/2016,190.05,192.7,187.5,188.02,4253382,TSLA
11/1/2016,198.04,198.5,188.1,190.79,7060036,TSLA
10/31/2016,202.49,202.49,195.81,197.73,4692273,TSLA
10/28/2016,204,205.32,199.83,199.97,4280141,TSLA
10/27/2016,211.34,213.7,201.65,204.01,13093744,TSLA
10/26/2016,201,203.19,200.1,202.24,5632841,TSLA
10/25/2016,202.9,204.69,201.2,202.34,2445014,TSLA
10/24/2016,201,203.95,200.25,202.76,2751562,TSLA
10/21/2016,198.6,201.57,197.41,200.09,2943402,TSLA
10/20/2016,202.12,203,197.05,199.1,5072877,TSLA
10/19/2016,199.74,206.66,198.06,203.56,6991183,TSLA
10/18/2016,195.99,199.47,193.26,199.1,5680475,TSLA
10/17/2016,197.05,198.39,192,193.96,4554080,TSLA
10/14/2016,200.66,201.43,196.3,196.51,4269850,TSLA
10/13/2016,200.5,200.9,197.05,200.24,2495413,TSLA
10/12/2016,200.95,203.88,200.42,201.51,1970689,TSLA
10/11/2016,201.85,202.2,198.31,200.1,2328422,TSLA
10/10/2016,201.35,204.14,199.66,200.95,3316297,TSLA
10/7/2016,201,201.32,195.8,196.61,3493018,TSLA
10/6/2016,202.46,204.21,200.21,201,4703402,TSLA
10/5/2016,212.24,213.15,208.12,208.46,1877534,TSLA
10/4/2016,213.1,213.32,208.82,211.41,3541481,TSLA
10/3/2016,212.3,215.67,208.25,213.7,5999892,TSLA
9/30/2016,202.21,204.98,199.55,204.03,2586273,TSLA
9/29/2016,205.6,207.33,200.58,200.7,2727029,TSLA
9/28/2016,207.51,208.25,205.26,206.27,2088374,TSLA
9/27/2016,209.65,209.98,204.61,205.81,3373180,TSLA
9/26/2016,206.5,211,206.5,208.99,2394358,TSLA
9/23/2016,205.99,210.18,205.67,207.45,2905229,TSLA
9/22/2016,206.4,207.28,203,206.43,2382902,TSLA
9/21/2016,206.37,207,201.56,205.22,2633503,TSLA
9/20/2016,206.85,207.75,203.91,204.64,2410488,TSLA
9/19/2016,207,209.43,205,206.34,2299498,TSLA
9/16/2016,200.42,205.7,199,205.4,3107808,TSLA
9/15/2016,196.49,202.52,196.4,200.42,3085115,TSLA
9/14/2016,195.75,197.92,194.86,196.41,2259231,TSLA
9/13/2016,197.06,198.49,193.45,196.05,3589379,TSLA
9/12/2016,195,201.37,194.1,198.3,3715161,TSLA
9/9/2016,199.09,199.92,193.7,194.47,3756992,TSLA
9/8/2016,199.55,199.89,196.36,197.36,3377946,TSLA
9/7/2016,205.5,206.5,200.71,201.71,3640923,TSLA
9/6/2016,199.02,203.25,199,202.83,4390572,TSLA
9/2/2016,202.33,203.2,196.2,197.78,5977413,TSLA
9/1/2016,209.01,211.1,200.5,200.77,7943138,TSLA
8/31/2016,210.43,212.6,208.65,212.01,3276548,TSLA
8/30/2016,216.11,216.11,210.52,211.34,3168862,TSLA
8/29/2016,220.15,220.4,215,215.2,3266334,TSLA
8/26/2016,222.14,222.86,218.82,219.99,2238992,TSLA
8/25/2016,223.11,223.8,220.77,220.96,1762519,TSLA
8/24/2016,227.05,227.15,222.22,222.62,2570693,TSLA
8/23/2016,224.32,228.49,222.8,224.84,4784418,TSLA
8/22/2016,224.17,225.11,222.68,222.93,2065493,TSLA
8/19/2016,223.54,225.17,222.53,225,1659530,TSLA
8/18/2016,223.82,225.66,222.29,223.51,1714467,TSLA
8/17/2016,224.33,224.83,222.8,223.24,1787127,TSLA
8/16/2016,225.49,227.19,223.41,223.61,2267147,TSLA
8/15/2016,226.02,229.5,224.93,225.59,2034328,TSLA
8/12/2016,225.41,226.65,224.04,225.61,1813540,TSLA
8/11/2016,226.17,227.57,223.41,224.91,1880936,TSLA
8/10/2016,228.24,229.87,224.62,225.65,2338301,TSLA
8/9/2016,226.82,231.54,226.65,229.08,2207833,TSLA
8/8/2016,228,229.6,226.09,226.16,2263584,TSLA
8/5/2016,230,232,227.4,230.03,3205215,TSLA
8/4/2016,225.69,230.86,222.05,230.61,4146997,TSLA
8/3/2016,227.37,229.7,224.21,225.79,3887759,TSLA
8/2/2016,229.37,229.87,221.4,227.2,3934432,TSLA
8/1/2016,235.5,236.63,229.38,230.01,4016284,TSLA
7/29/2016,230.7,235.28,230.24,234.79,3070813,TSLA
7/28/2016,227.95,230.76,226.6,230.61,2419059,TSLA
7/27/2016,229.34,233.36,226.92,228.49,2889007,TSLA
7/26/2016,227.69,230,225.3,229.51,3430042,TSLA
7/25/2016,222.27,231.39,221.37,230.01,4490683,TSLA
7/22/2016,221.99,224.5,218.88,222.27,2579692,TSLA
7/21/2016,226,227.85,219.1,220.5,4428651,TSLA
7/20/2016,226.47,229.8,225,228.36,2568498,TSLA
7/19/2016,225,229.1,224.75,225.26,3115065,TSLA
7/18/2016,219.64,227.09,218.3,226.25,3412055,TSLA
7/15/2016,222.52,222.75,219.64,220.4,2234247,TSLA
7/14/2016,223.12,224.94,221.05,221.53,2675834,TSLA
7/13/2016,225.5,225.59,220.29,222.53,3567062,TSLA
7/12/2016,224.1,227.5,223.22,224.65,4576165,TSLA
7/11/2016,219.96,226.78,219.51,224.78,5429823,TSLA
7/8/2016,217.8,219.81,214.5,216.78,4074785,TSLA
7/7/2016,213.1,218.12,213.01,215.94,3612022,TSLA
7/6/2016,210,215.23,209,214.44,4919855,TSLA
7/5/2016,209.73,214.54,208,213.98,5175345,TSLA
7/1/2016,206.14,218.24,206,216.5,5399951,TSLA
6/30/2016,212.97,213.5,209.02,212.28,4843111,TSLA
6/29/2016,205.13,211.78,203,210.19,5994908,TSLA
6/28/2016,201.89,204.05,199.41,201.79,6212422,TSLA
6/27/2016,190.86,198.81,187.87,198.55,7220323,TSLA
6/24/2016,190.05,195.12,189.73,193.15,7026516,TSLA
6/23/2016,195.69,197.55,192.13,196.4,10130748,TSLA
6/22/2016,199.47,205.95,195.75,196.66,23742414,TSLA
6/21/2016,220.68,222.57,218.81,219.61,4529005,TSLA
6/20/2016,219.5,223.75,218.23,219.7,3555471,TSLA
6/17/2016,217.81,219.99,214.5,215.47,3112620,TSLA
6/16/2016,217.42,218.04,213.5,217.93,2440259,TSLA
6/15/2016,216.95,221.9,215.13,217.7,2908522,TSLA
6/14/2016,218.88,222.2,212.53,214.96,3580167,TSLA
6/13/2016,219.5,225.77,217.66,217.87,4193022,TSLA
6/10/2016,227.39,227.97,218.42,218.79,6026603,TSLA
6/9/2016,234.98,235.33,227.06,229.36,4492075,TSLA
6/8/2016,233.8,240.84,232.6,235.52,5971995,TSLA
6/7/2016,222.24,234.44,221.52,232.34,6213573,TSLA
6/6/2016,218,220.9,215.45,220.68,2249508,TSLA
6/3/2016,220,221.94,218.01,218.99,2228970,TSLA
6/2/2016,219.59,219.91,217.11,218.96,2032832,TSLA
6/1/2016,221.48,222.4,216.89,219.56,2982695,TSLA
5/31/2016,223.04,224.75,221.5,223.23,2789002,TSLA
5/27/2016,224.99,225.93,220.75,223.04,3642740,TSLA
5/26/2016,220.5,225.26,219.05,225.12,4064013,TSLA
5/25/2016,217.91,221.36,216.51,219.58,3126822,TSLA
5/24/2016,216.6,218.74,215.18,217.91,3008774,TSLA
5/23/2016,219.87,222.6,215.86,216.22,5093158,TSLA
5/20/2016,216.99,220.55,216.35,220.28,8951773,TSLA
5/19/2016,213.62,216.79,207.3,215.21,6811976,TSLA
5/18/2016,209.15,215.31,207.75,211.17,5384698,TSLA
5/17/2016,209.05,209.82,204.02,204.66,2841168,TSLA
5/16/2016,208.15,213.15,207.92,208.29,2945072,TSLA
5/13/2016,207.78,211.2,206.7,207.61,2819264,TSLA
5/12/2016,211.44,211.67,203.66,207.28,3646943,TSLA
5/11/2016,207.59,215.48,206.05,208.96,5153730,TSLA
5/10/2016,207.55,209.47,205,208.69,4065214,TSLA
5/9/2016,215.72,216.15,206.8,208.92,4758131,TSLA
5/6/2016,210.87,216.37,208.11,214.93,5681078,TSLA
5/5/2016,228.46,228.64,209.79,211.53,11235835,TSLA
5/4/2016,230.29,234.46,220.4,222.56,8262540,TSLA
5/3/2016,237.36,238.91,231.62,232.32,4289174,TSLA
5/2/2016,241.5,243.19,234.82,241.8,3836429,TSLA
4/29/2016,248.14,248.43,237.81,240.76,5388701,TSLA
4/28/2016,249.85,253.43,247.44,247.71,2509509,TSLA
4/27/2016,252.75,255,249.4,251.47,3190682,TSLA
4/26/2016,252.05,255.73,249.39,253.74,3212470,TSLA
4/25/2016,253.01,257.38,250.76,251.82,3664293,TSLA
4/22/2016,248.89,254,245.71,253.75,3774648,TSLA
4/21/2016,248.99,250.9,246.91,248.29,2783059,TSLA
4/20/2016,246.26,253.66,241.5,249.97,5190831,TSLA
4/19/2016,253.12,254.37,241.25,247.37,6349403,TSLA
4/18/2016,252.23,258.31,251.66,253.88,4261782,TSLA
4/15/2016,251.31,254.6,249.12,254.51,3742018,TSLA
4/14/2016,253,256.84,251.05,251.86,4119980,TSLA
4/13/2016,248.51,255.5,247.33,254.53,4917930,TSLA
4/12/2016,249.5,251.8,243.63,247.82,5750757,TSLA
4/11/2016,251,258.99,245.3,249.92,9153901,TSLA
4/8/2016,260.5,260.82,248.02,250.07,7332157,TSLA
4/7/2016,266.45,269.34,254.51,257.2,8836815,TSLA
4/6/2016,253.97,267.74,253.45,265.42,11679883,TSLA
4/5/2016,240.5,256.56,240,255.47,9915160,TSLA
4/4/2016,249.12,252.12,243.64,246.99,13289584,TSLA
4/1/2016,244.82,247.9,233.25,237.59,15962015,TSLA
3/31/2016,229.34,237.42,225.01,229.77,7956740,TSLA
3/30/2016,235.09,235.5,226.5,226.89,4019667,TSLA
3/29/2016,229.89,232.38,225.33,230.13,4004940,TSLA
3/28/2016,231.61,234.81,225,230.26,3875451,TSLA
3/24/2016,215.78,228.89,215,227.75,4954411,TSLA
3/23/2016,232.37,234.73,222.03,222.58,4921013,TSLA
3/22/2016,237.21,238.99,232.56,234.24,4300628,TSLA
3/21/2016,235.34,239.88,235,238.32,5286697,TSLA
3/18/2016,229.1,234.48,228.06,232.74,4698180,TSLA
3/17/2016,221.47,228.5,220,226.38,3754756,TSLA
3/16/2016,218,222.58,217.02,221.93,3462107,TSLA
3/15/2016,214.27,218.97,211.5,218.34,3180452,TSLA
3/14/2016,212.65,216.72,210.64,215.15,4054723,TSLA
3/11/2016,207.93,209.42,205.33,207.5,3300358,TSLA
3/10/2016,210,213.29,200.67,205.18,5183177,TSLA
3/9/2016,204.52,209.37,202.79,208.72,3160081,TSLA
3/8/2016,203.5,207.5,202.2,202.6,4130816,TSLA
3/7/2016,197.68,209.7,197.4,205.29,5329369,TSLA
3/4/2016,198,204.03,197.5,201.04,6469772,TSLA
3/3/2016,188.28,197.42,184.22,195.74,4820497,TSLA
3/2/2016,183.73,188.52,181.5,188.34,4832986,TSLA
3/1/2016,194.25,195.95,182.7,186.35,6701674,TSLA
2/29/2016,192.4,196.35,189.22,191.93,4479719,TSLA
2/26/2016,188.7,192,185,190.34,6052910,TSLA
2/25/2016,178.65,188.52,175.2,187.43,5720514,TSLA
2/24/2016,172.75,179.5,167.84,179,5380712,TSLA
2/23/2016,176.16,181.73,173.68,177.21,5968028,TSLA
2/22/2016,170.12,178.91,169.85,177.74,5051180,TSLA
2/19/2016,163.66,167.49,162.5,166.58,2952880,TSLA
2/18/2016,172.42,172.95,164.77,166.77,3785336,TSLA
2/17/2016,159,169.34,156.68,168.68,5807071,TSLA
2/16/2016,158.7,162.95,154.11,155.17,5556314,TSLA
2/12/2016,155,157.01,143.7,151.04,7202970,TSLA
2/11/2016,152,163.26,147,150.47,14231392,TSLA
2/10/2016,150.5,154.97,141.74,143.67,9067292,TSLA
2/9/2016,142.32,159.79,141.05,148.25,8575099,TSLA
2/8/2016,157.1,157.15,146,147.99,9297941,TSLA
2/5/2016,171.3,173,157.74,162.6,9426933,TSLA
2/4/2016,170.7,175.98,166.99,175.33,4363924,TSLA
2/3/2016,183.59,183.94,170.18,173.48,7879454,TSLA
2/2/2016,192.42,193.12,180.23,182.78,5762855,TSLA
2/1/2016,188.76,199.52,182.75,196.94,5293766,TSLA
1/29/2016,189.95,193.74,188.08,191.2,2841003,TSLA
1/28/2016,190.79,191.28,182.41,189.7,4581652,TSLA
1/27/2016,192.38,193.26,185.77,188.07,3565378,TSLA
1/26/2016,196.7,197.82,188.88,193.56,4946841,TSLA
1/25/2016,200.06,203.57,195.88,196.38,2694564,TSLA
1/22/2016,204.8,205.5,199.03,202.55,3120106,TSLA
1/21/2016,201.55,203.23,195.02,199.97,3163432,TSLA
1/20/2016,199.4,201.28,191.25,198.7,5825431,TSLA
1/19/2016,208.71,210.47,200.78,204.72,3997509,TSLA
1/15/2016,198.97,205.07,197.25,204.99,5322235,TSLA
1/14/2016,202.21,210,193.38,206.18,6452623,TSLA
1/13/2016,212.01,212.65,200,200.31,4039093,TSLA
1/12/2016,211.6,213.74,205.31,209.97,3091917,TSLA
1/11/2016,214.01,214.45,203,207.85,4091422,TSLA
1/8/2016,217.86,220.44,210.77,211,3628058,TSLA
1/7/2016,214.19,218.44,213.67,215.65,3554251,TSLA
1/6/2016,220,220.05,215.98,219.04,3779128,TSLA
1/5/2016,226.36,226.89,220,223.43,3186752,TSLA
1/4/2016,230.72,231.38,219,223.41,6819737,TSLA
12/31/2015,238.51,243.45,238.37,240.01,2715038,TSLA
12/30/2015,236.6,243.63,235.67,238.09,3697921,TSLA
12/29/2015,230.06,237.72,229.55,237.19,2406290,TSLA
12/28/2015,231.49,231.98,225.54,228.95,1901304,TSLA
12/24/2015,230.56,231.88,228.28,230.57,710277,TSLA
12/23/2015,232.18,233.45,228.13,229.7,1554979,TSLA
12/22/2015,234.99,236.55,229.63,229.95,1961495,TSLA
12/21/2015,231.69,235.83,231.08,232.56,1953174,TSLA
12/18/2015,232.89,235.9,229.29,230.46,3014170,TSLA
12/17/2015,233.94,237.76,229.81,233.39,3298638,TSLA
12/16/2015,222.1,234.88,220.73,234.51,5104341,TSLA
12/15/2015,221.82,222.22,218,221.09,2244424,TSLA
12/14/2015,217.51,220.92,214.87,218.58,2827068,TSLA
12/11/2015,225.24,225.75,216.64,217.02,3268726,TSLA
12/10/2015,224.71,228.49,223.64,227.07,2071692,TSLA
12/9/2015,226.7,227.5,220.72,224.52,3057753,TSLA
12/8/2015,227.52,228.8,224.2,226.72,2687636,TSLA
12/7/2015,227.7,235.63,226.15,231.13,3144223,TSLA
12/4/2015,232.46,233.27,227.66,230.38,2573603,TSLA
12/3/2015,235.48,237.45,230,232.71,2939564,TSLA
12/2/2015,237,238.6,231.23,231.99,2975721,TSLA
12/1/2015,231.06,238,231.05,237.19,3728287,TSLA
11/30/2015,231.79,234.28,229.08,230.26,2585753,TSLA
11/27/2015,231.06,232.25,227.01,231.61,1949127,TSLA
11/25/2015,221.34,230.82,220.38,229.64,3990779,TSLA
11/24/2015,215.37,221,215,218.25,2452304,TSLA
11/23/2015,217.35,219.18,214.68,217.75,2524994,TSLA
11/20/2015,223.49,225,213.58,220.01,4388932,TSLA
11/19/2015,220.54,226.19,220.3,221.8,2499363,TSLA
11/18/2015,214.5,221.38,212.52,221.07,2805192,TSLA
11/17/2015,215.2,216,211.4,214,2143269,TSLA
11/16/2015,206.09,214.98,205.8,214.31,2917082,TSLA
11/13/2015,212.95,212.99,206.52,207.19,3412083,TSLA
11/12/2015,217.85,219,212.66,212.94,2910023,TSLA
11/11/2015,217.77,219.48,213.63,219.08,3334955,TSLA
11/10/2015,223.48,223.7,216.08,216.5,4568414,TSLA
11/9/2015,232.99,232.99,224.31,225.33,3843824,TSLA
